{
  "id": "electricbastionland",
  "title": "Electric Bastionland",
  "description": "FoundryVTT System - Electric Bastionland – Privates TestSystem",
  "authors": [
    {
      "name": "chrismaulwurf",
      "flags": {}
    }
  ],
  "license": "All Rights Reserved",
  "version": "1.0.0",
  "compatibility": {
    "minimum": "13",
    "verified": "13"
  },
  "esmodules": [
    "electric-bastionland.js"
  ],
  "styles": [
    "assets/css/electric-bastionland.css"
  ],
  "languages": [
    {
      "lang": "de",
      "name": "Deutsch",
      "path": "lang/de.json"
    },
    {
      "lang": "en",
      "name": "English",
      "path": "lang/en.json"
    }
  ],
  "relationships": [],
  "grid": {
    "distance": 1,
    "units": "m"
  },
  "primaryTokenAttribute": "hp",
  "url": "https://raw.githubusercontent.com/chrismaulwurf/electric-bastionland/main/system.json",
  "manifest": "https://raw.githubusercontent.com/chrismaulwurf/electric-bastionland/main/system.json"
}