{
  "Actor": {
    "types": [
      "character"
    ],
    "character": {
      "templates": [
        "base"
      ],
      "failedCareer": "",
      "playerName": "",
      "biography": "",
      "deprived": false,
      "pounds": 0,
      "armor": 0,
      "attributes": {},
      "groups": {},
      "hp": {
        "value": 0,
        "max": 0
      },
      "abilities": {
        "STAER": {
          "value": 0,
          "max": 0,
          "nameFull": "Stärke"
        },
        "DEX": {
          "value": 0,
          "max": 0,
          "nameFull": "Geschicklichkeit"
        },
        "CHA": {
          "value": 0,
          "max": 0,
          "nameFull": "Charisma"
        }
      }
    }
  },
  "Item": {
    "types": [
      "item"
    ],
    "item": {
      "description": "",
      "quantity": 1,
      "armor": 0,
      "damageFormula": "",
      "bulky": false,
      "numberOfUses": 0
    }
  }
}